ID,Nome,DataNascimento,Endereco,Telefone,Email,DepartamentoID,CargoID
1,Jo√£o Silva,1985-02-10,Rua A,123456789,joao.silva@empresa.com,1,1
2,Maria Oliveira,1990-05-15,Rua B,987654321,maria.oliveira@empresa.com,2,2
3,Carlos Pereira,1978-11-20,Rua C,543216789,carlos.pereira@empresa.com,3,3
4,Ana Costa,1982-08-30,Rua D,123498765,ana.costa@empresa.com,4,4
5,Pedro Santos,1995-01-22,Rua E,567891234,pedro.santos@empresa.com,5,5
6,Lucas Martins,1988-12-11,Rua F,321654987,lucas.martins@empresa.com,1,2
7,Aline Souza,1993-07-07,Rua G,789123456,aline.souza@empresa.com,2,1
8,Mariana Lima,1981-03-25,Rua H,654789123,mariana.lima@empresa.com,3,5
9,Tiago Moreira,1996-06-16,Rua I,987321654,tiago.moreira@empresa.com,4,3
10,Beatriz Almeida,1984-09-29,Rua J,159357486,beatriz.almeida@empresa.com,5,4